출발 건물,도착 건물
S1-1,S1-2
S1-1,S1-3
S1-1,S1-4
S1-1,S1-5
S1-1,S1-6
S1-1,S2
S1-1,S4-1
S1-1,S20
S1-1,S21-4
S1-1,E1-1
S1-1,E1-2
S1-1,E8-1
S1-1,E8-2
S1-1,E8-7
S1-1,E8-8
S1-1,E8-10
S1-1,E9
S1-1,N7
S1-1,N14
S1-1,N13
S1-1,N15
S1-1,N16-1
S1-1,N18
S1-1,N20-1
S1-1,N23
S1-2,S1-3
S1-2,S1-4
S1-2,S1-5
S1-2,S1-6
S1-2,S2
S1-2,S4-1
S1-2,S20
S1-2,S21-4
S1-2,E1-1
S1-2,E1-2
S1-2,E8-1
S1-2,E8-2
S1-2,E8-7
S1-2,E8-8
S1-2,E8-10
S1-2,E9
S1-2,N7
S1-2,N14
S1-2,N13
S1-2,N15
S1-2,N16-1
S1-2,N18
S1-2,N20-1
S1-2,N23
S1-3,S1-4
S1-3,S1-5
S1-3,S1-6
S1-3,S2
S1-3,S4-1
S1-3,S20
S1-3,S21-4
S1-3,E1-1
S1-3,E1-2
S1-3,E8-1
S1-3,E8-2
S1-3,E8-7
S1-3,E8-8
S1-3,E8-10
S1-3,E9
S1-3,N7
S1-3,N14
S1-3,N13
S1-3,N15
S1-3,N16-1
S1-3,N18
S1-3,N20-1
S1-3,N23
S1-4,S1-5
S1-4,S1-6
S1-4,S2
S1-4,S4-1
S1-4,S20
S1-4,S21-4
S1-4,E1-1
S1-4,E1-2
S1-4,E8-1
S1-4,E8-2
S1-4,E8-7
S1-4,E8-8
S1-4,E8-10
S1-4,E9
S1-4,N7
S1-4,N14
S1-4,N13
S1-4,N15
S1-4,N16-1
S1-4,N18
S1-4,N20-1
S1-4,N23
S1-5,S1-6
S1-5,S2
S1-5,S4-1
S1-5,S20
S1-5,S21-4
S1-5,E1-1
S1-5,E1-2
S1-5,E8-1
S1-5,E8-2
S1-5,E8-7
S1-5,E8-8
S1-5,E8-10
S1-5,E9
S1-5,N7
S1-5,N14
S1-5,N13
S1-5,N15
S1-5,N16-1
S1-5,N18
S1-5,N20-1
S1-5,N23
S1-6,S2
S1-6,S4-1
S1-6,S20
S1-6,S21-4
S1-6,E1-1
S1-6,E1-2
S1-6,E8-1
S1-6,E8-2
S1-6,E8-7
S1-6,E8-8
S1-6,E8-10
S1-6,E9
S1-6,N7
S1-6,N14
S1-6,N13
S1-6,N15
S1-6,N16-1
S1-6,N18
S1-6,N20-1
S1-6,N23
S2,S4-1
S2,S20
S2,S21-4
S2,E1-1
S2,E1-2
S2,E8-1
S2,E8-2
S2,E8-7
S2,E8-8
S2,E8-10
S2,E9
S2,N7
S2,N14
S2,N13
S2,N15
S2,N16-1
S2,N18
S2,N20-1
S2,N23
S4-1,S20
S4-1,S21-4
S4-1,E1-1
S4-1,E1-2
S4-1,E8-1
S4-1,E8-2
S4-1,E8-7
S4-1,E8-8
S4-1,E8-10
S4-1,E9
S4-1,N7
S4-1,N14
S4-1,N13
S4-1,N15
S4-1,N16-1
S4-1,N18
S4-1,N20-1
S4-1,N23
S20,S21-4
S20,E1-1
S20,E1-2
S20,E8-1
S20,E8-2
S20,E8-7
S20,E8-8
S20,E8-10
S20,E9
S20,N7
S20,N14
S20,N13
S20,N15
S20,N16-1
S20,N18
S20,N20-1
S20,N23
S21-4,E1-1
S21-4,E1-2
S21-4,E8-1
S21-4,E8-2
S21-4,E8-7
S21-4,E8-8
S21-4,E8-10
S21-4,E9
S21-4,N7
S21-4,N14
S21-4,N13
S21-4,N15
S21-4,N16-1
S21-4,N18
S21-4,N20-1
S21-4,N23
E1-1,E1-2
E1-1,E8-1
E1-1,E8-2
E1-1,E8-7
E1-1,E8-8
E1-1,E8-10
E1-1,E9
E1-1,N7
E1-1,N14
E1-1,N13
E1-1,N15
E1-1,N16-1
E1-1,N18
E1-1,N20-1
E1-1,N23
E1-2,E8-1
E1-2,E8-2
E1-2,E8-7
E1-2,E8-8
E1-2,E8-10
E1-2,E9
E1-2,N7
E1-2,N14
E1-2,N13
E1-2,N15
E1-2,N16-1
E1-2,N18
E1-2,N20-1
E1-2,N23
E8-1,E8-2
E8-1,E8-7
E8-1,E8-8
E8-1,E8-10
E8-1,E9
E8-1,N7
E8-1,N14
E8-1,N13
E8-1,N15
E8-1,N16-1
E8-1,N18
E8-1,N20-1
E8-1,N23
E8-2,E8-7
E8-2,E8-8
E8-2,E8-10
E8-2,E9
E8-2,N7
E8-2,N14
E8-2,N13
E8-2,N15
E8-2,N16-1
E8-2,N18
E8-2,N20-1
E8-2,N23
E8-7,E8-8
E8-7,E8-10
E8-7,E9
E8-7,N7
E8-7,N14
E8-7,N13
E8-7,N15
E8-7,N16-1
E8-7,N18
E8-7,N20-1
E8-7,N23
E8-8,E8-10
E8-8,E9
E8-8,N7
E8-8,N14
E8-8,N13
E8-8,N15
E8-8,N16-1
E8-8,N18
E8-8,N20-1
E8-8,N23
E8-10,E9
E8-10,N7
E8-10,N14
E8-10,N13
E8-10,N15
E8-10,N16-1
E8-10,N18
E8-10,N20-1
E8-10,N23
E9,N7
E9,N14
E9,N13
E9,N15
E9,N16-1
E9,N18
E9,N20-1
E9,N23
N7,N14
N7,N13
N7,N15
N7,N16-1
N7,N18
N7,N20-1
N7,N23
N14,N13
N14,N15
N14,N16-1
N14,N18
N14,N20-1
N14,N23
N13,N15
N13,N16-1
N13,N18
N13,N20-1
N13,N23
N15,N16-1
N15,N18
N15,N20-1
N15,N23
N16-1,N18
N16-1,N20-1
N16-1,N23
N18,N20-1
N18,N23
N20-1,N23
